1.000,1.000,-1.000
-1.000,1.000,-1.000
-1.000,1.000,1.000
1.000,-0.944,-1.000
-0.138,1.000,-1.000
-1.000,1.000,-1.000
-1.000,1.000,1.000
1.000,-1.000,-1.000
1.000,1.000,-1.000
-1.000,1.000,-1.000
-1.000,-1.000,-1.000
1.000,-1.000,-1.000
0.717,1.000,-1.000
-1.000,1.000,-1.000
-1.000,-1.000,-1.000
1.000,-1.000,-1.000
1.000,1.000,-1.000
-1.000,1.000,-1.000
-1.000,-1.000,-1.000
1.000,-1.000,-1.000
1.000,1.000,-1.000
-1.000,1.000,-1.000
-1.000,-1.000,-1.000
1.000,-1.000,1.000
-1.000,-1.000,1.000
-1.000,1.000,1.000
0.256,1.000,-1.000
-1.000,-1.000,-1.000
1.000,-1.000,-1.000
1.000,1.000,-1.000
-1.000,1.000,-1.000
-1.000,-1.000,-1.000
1.000,-1.000,1.000
-1.000,-1.000,1.000
-1.000,1.000,1.000
1.000,1.000,-1.000
-1.000,1.000,-1.000
-1.000,-1.000,-1.000
1.000,-1.000,-1.000
1.000,1.000,-1.000
-1.000,1.000,-1.000
-1.000,-1.000,-1.000
1.000,-1.000,1.000
-1.000,-1.000,1.000
-1.000,1.000,1.000
0.863,1.000,-1.000
-1.000,1.000,-1.000
-1.000,-1.000,-1.000
1.000,-1.000,-1.000
1.000,1.000,-1.000
-1.000,1.000,-1.000
-1.000,-1.000,-1.000
1.000,-1.000,1.000
-1.000,-1.000,1.000
-1.000,1.000,1.000
0.517,1.000,-1.000
-1.000,-1.000,-1.000
1.000,-1.000,-1.000
1.000,1.000,-1.000
-1.000,1.000,-1.000
-1.000,-1.000,-1.000
1.000,-1.000,1.000
-1.000,-1.000,1.000
-1.000,1.000,1.000
1.000,1.000,-1.000
-1.000,1.000,-1.000
-1.000,-1.000,-1.000
1.000,-1.000,-1.000
1.000,1.000,-1.000
-1.000,1.000,-1.000
-1.000,-1.000,-1.000
1.000,-1.000,1.000
-1.000,-1.000,1.000
-1.000,1.000,1.000
1.000,1.000,-1.000
-1.000,1.000,-1.000
-1.000,-1.000,-1.000
1.000,-1.000,-1.000
1.000,1.000,-1.000
-1.000,1.000,-1.000
-1.000,-1.000,-1.000
1.000,-1.000,1.000
-1.000,-1.000,1.000
-1.000,1.000,1.000
1.000,1.000,-1.000
-1.000,1.000,-1.000
-1.000,-1.000,-1.000
1.000,-1.000,-1.000
1.000,1.000,-1.000
-1.000,1.000,-1.000
-1.000,-1.000,-1.000
1.000,-1.000,1.000
-1.000,-1.000,1.000
-1.000,1.000,1.000
0.360,1.000,-1.000
-1.000,-1.000,-1.000
1.000,-1.000,-1.000
1.000,1.000,-1.000
-1.000,1.000,-1.000
-1.000,-1.000,-1.000
1.000,-1.000,1.000
-1.000,-1.000,1.000
-1.000,1.000,1.000
1.000,1.000,-1.000
-1.000,1.000,-1.000
-1.000,-1.000,-1.000
1.000,-1.000,-1.000
1.000,1.000,-1.000
-1.000,1.000,-1.000
-1.000,-1.000,-1.000
1.000,-1.000,1.000
-1.000,-1.000,1.000
-1.000,1.000,1.000
1.000,1.000,-1.000
-1.000,1.000,-1.000
-1.000,-1.000,-1.000
1.000,-1.000,-1.000
1.000,1.000,-1.000
-1.000,1.000,-1.000
-1.000,-1.000,-1.000
1.000,-1.000,1.000
-1.000,-1.000,1.000
-1.000,1.000,1.000
0.961,1.000,-1.000
-1.000,1.000,-1.000
-1.000,-1.000,-1.000
1.000,-1.000,-1.000
1.000,1.000,-1.000
-1.000,1.000,-1.000
-1.000,-1.000,-1.000
1.000,-1.000,1.000
-1.000,-1.000,1.000
-1.000,1.000,1.000
0.369,1.000,-1.000
-1.000,-1.000,-1.000
1.000,-1.000,-1.000
1.000,1.000,-1.000
-1.000,1.000,-1.000
-1.000,-1.000,-1.000
1.000,-1.000,1.000
-1.000,-1.000,1.000
-1.000,1.000,1.000
1.000,1.000,-1.000
-1.000,1.000,-1.000
-1.000,-1.000,-1.000
1.000,-1.000,-1.000
1.000,1.000,-1.000
-1.000,1.000,-1.000
-1.000,-1.000,-1.000
1.000,-1.000,1.000
-1.000,-1.000,1.000
-1.000,1.000,1.000
1.000,1.000,-1.000
-1.000,1.000,-1.000
-1.000,-1.000,-1.000
1.000,-1.000,-1.000
1.000,1.000,-1.000
-1.000,1.000,-1.000
-1.000,-1.000,-1.000
1.000,-1.000,1.000
-1.000,-1.000,1.000
-1.000,1.000,1.000
0.982,1.000,-1.000
-1.000,1.000,-1.000
-1.000,-1.000,-1.000
1.000,-1.000,-1.000
1.000,1.000,-1.000
-1.000,1.000,-1.000
-1.000,-1.000,-1.000
1.000,-1.000,1.000
-1.000,-1.000,1.000
-1.000,1.000,1.000
0.352,1.000,-1.000
-1.000,-1.000,-1.000
1.000,-1.000,-1.000
1.000,1.000,-1.000
-1.000,1.000,-1.000
-1.000,-1.000,-1.000
1.000,-1.000,1.000
-1.000,-1.000,1.000
-1.000,1.000,1.000
1.000,1.000,-1.000
-1.000,1.000,-1.000
-1.000,-1.000,-1.000
1.000,-1.000,-1.000
1.000,1.000,-1.000
-1.000,1.000,-1.000
-1.000,-1.000,-1.000
1.000,-1.000,1.000
-1.000,-1.000,1.000
-1.000,1.000,1.000
1.000,1.000,-1.000
-1.000,1.000,-1.000
-1.000,-1.000,-1.000
1.000,-1.000,-1.000
1.000,1.000,-1.000
-1.000,1.000,-1.000
-1.000,-1.000,-1.000
1.000,-1.000,1.000
-1.000,-1.000,1.000
-1.000,1.000,1.000
0.897,1.000,-1.000
-1.000,1.000,-1.000
-1.000,-1.000,-1.000
1.000,-1.000,-1.000
1.000,1.000,-1.000
-1.000,1.000,-1.000
-1.000,-1.000,-1.000
1.000,-1.000,1.000
-1.000,-1.000,1.000
-1.000,1.000,1.000
0.453,1.000,-1.000
-1.000,-1.000,-1.000
1.000,-1.000,-1.000
1.000,1.000,-1.000
-1.000,1.000,-1.000
-1.000,-1.000,-1.000
1.000,-1.000,1.000
-1.000,-1.000,1.000
-1.000,1.000,1.000
1.000,1.000,-1.000
-1.000,1.000,-1.000
-1.000,-1.000,-1.000
1.000,-1.000,-1.000
1.000,1.000,-1.000
-1.000,1.000,-1.000
-1.000,-1.000,-1.000
1.000,-1.000,1.000
-1.000,-1.000,1.000
-1.000,1.000,1.000
1.000,1.000,-1.000
-1.000,1.000,-1.000
-1.000,-1.000,-1.000
1.000,-1.000,-1.000
1.000,1.000,-1.000
-1.000,1.000,-1.000
-1.000,-1.000,-1.000
1.000,-1.000,1.000
-1.000,-1.000,1.000
-1.000,1.000,1.000
1.000,1.000,-1.000
-1.000,1.000,-1.000
-1.000,-1.000,-1.000
1.000,-1.000,-1.000
1.000,1.000,-1.000
-1.000,1.000,-1.000
-1.000,-1.000,-1.000
1.000,-1.000,1.000
-1.000,-1.000,1.000
-1.000,1.000,1.000
0.358,1.000,-1.000
-1.000,-1.000,-1.000
1.000,-1.000,-1.000
1.000,1.000,-1.000
-1.000,1.000,-1.000
-1.000,-1.000,-1.000
1.000,-1.000,1.000
-1.000,-1.000,1.000
-1.000,1.000,1.000
1.000,1.000,-1.000
-1.000,1.000,-1.000
-1.000,-1.000,-1.000
1.000,-1.000,-1.000
1.000,1.000,-1.000
-1.000,1.000,-1.000
-1.000,-1.000,-1.000
1.000,-1.000,1.000
-1.000,-1.000,1.000
-1.000,1.000,1.000
1.000,1.000,-1.000
-1.000,1.000,-1.000
-1.000,-1.000,-1.000
1.000,-1.000,-1.000
1.000,1.000,-1.000
-1.000,1.000,-1.000
-1.000,-1.000,-1.000
1.000,-1.000,1.000
-1.000,-1.000,1.000
-1.000,1.000,1.000
0.919,1.000,-1.000
-1.000,1.000,-1.000
-1.000,-1.000,-1.000
1.000,-1.000,-1.000
1.000,1.000,-1.000
-1.000,1.000,-1.000
-1.000,-1.000,-1.000
1.000,-1.000,1.000
-1.000,-1.000,1.000
-1.000,1.000,1.000
0.421,1.000,-1.000
-1.000,-1.000,-1.000
1.000,-1.000,-1.000
1.000,1.000,-1.000
-1.000,1.000,-1.000
-1.000,-1.000,-1.000
1.000,-1.000,1.000
-1.000,-1.000,1.000
-1.000,1.000,1.000
1.000,1.000,-1.000
-1.000,1.000,-1.000
-1.000,-1.000,-1.000
1.000,-1.000,-1.000
1.000,1.000,-1.000
-1.000,1.000,-1.000
-1.000,-1.000,-1.000
1.000,-1.000,1.000
-1.000,-1.000,1.000
-1.000,1.000,1.000
1.000,1.000,-1.000
-1.000,1.000,-1.000
-1.000,-1.000,-1.000
1.000,-1.000,-1.000
1.000,1.000,-1.000
-1.000,1.000,-1.000
-1.000,-1.000,-1.000
1.000,-1.000,1.000
-1.000,-1.000,1.000
-1.000,1.000,1.000
1.000,1.000,-1.000
-1.000,1.000,-1.000
-1.000,-1.000,-1.000
1.000,-1.000,-1.000
1.000,1.000,-1.000
-1.000,1.000,-1.000
-1.000,-1.000,-1.000
1.000,-1.000,1.000
-1.000,-1.000,1.000
-1.000,1.000,1.000
0.349,1.000,-1.000
-1.000,-1.000,-1.000
1.000,-1.000,-1.000
1.000,1.000,-1.000
-1.000,1.000,-1.000
-1.000,-1.000,-1.000
1.000,-1.000,1.000
-1.000,-1.000,1.000
-1.000,1.000,1.000
1.000,1.000,-1.000
-1.000,1.000,-1.000
-1.000,-1.000,-1.000
1.000,-1.000,-1.000
1.000,1.000,-1.000
-1.000,1.000,-1.000
-1.000,-1.000,-1.000
1.000,-1.000,1.000
-1.000,-1.000,1.000
-1.000,1.000,1.000
1.000,1.000,-1.000
-1.000,1.000,-1.000
-1.000,-1.000,-1.000
1.000,-1.000,-1.000
1.000,1.000,-1.000
-1.000,1.000,-1.000
-1.000,-1.000,-1.000
1.000,-1.000,1.000
-1.000,-1.000,1.000
-1.000,1.000,1.000
0.910,1.000,-1.000
-1.000,1.000,-1.000
-1.000,-1.000,-1.000
1.000,-1.000,-1.000
1.000,1.000,-1.000
-1.000,1.000,-1.000
-1.000,-1.000,-1.000
1.000,-1.000,1.000
-1.000,-1.000,1.000
-1.000,1.000,1.000
0.424,1.000,-1.000
-1.000,-1.000,-1.000
1.000,-1.000,-1.000
1.000,1.000,-1.000
-1.000,1.000,-1.000
-1.000,-1.000,-1.000
1.000,-1.000,1.000
-1.000,-1.000,1.000
-1.000,1.000,1.000
1.000,1.000,-1.000
-1.000,1.000,-1.000
-1.000,-1.000,-1.000
1.000,-1.000,-1.000
1.000,1.000,-1.000
-1.000,1.000,-1.000
-1.000,-1.000,-1.000
1.000,-1.000,1.000
-1.000,-1.000,1.000
-1.000,1.000,1.000
1.000,1.000,-1.000
-1.000,1.000,-1.000
-1.000,-1.000,-1.000
1.000,-1.000,-1.000
1.000,1.000,-1.000
-1.000,1.000,-1.000
-1.000,-1.000,-1.000
1.000,-1.000,1.000
-1.000,-1.000,1.000
-1.000,1.000,1.000
1.000,1.000,-1.000
-1.000,1.000,-1.000
-1.000,-1.000,-1.000
1.000,-1.000,-1.000
1.000,1.000,-1.000
-1.000,1.000,-1.000
-1.000,-1.000,-1.000
1.000,-1.000,1.000
-1.000,-1.000,1.000
-1.000,1.000,1.000
0.344,1.000,-1.000
-1.000,-1.000,-1.000
1.000,-1.000,-1.000
1.000,1.000,-1.000
-1.000,1.000,-1.000
-1.000,-1.000,-1.000
1.000,-1.000,1.000
-1.000,-1.000,1.000
-1.000,1.000,1.000
1.000,1.000,-1.000
-1.000,1.000,-1.000
-1.000,-1.000,-1.000
1.000,-1.000,-1.000
1.000,1.000,-1.000
-1.000,1.000,-1.000
-1.000,-1.000,-1.000
1.000,-1.000,1.000
-1.000,-1.000,1.000
-1.000,1.000,1.000
1.000,1.000,-1.000
-1.000,1.000,-1.000
-1.000,-1.000,-1.000
1.000,-1.000,-1.000
1.000,1.000,-1.000
-1.000,1.000,-1.000
-1.000,-1.000,-1.000
1.000,-1.000,1.000
-1.000,-1.000,1.000
-1.000,1.000,1.000
0.876,1.000,-1.000
-1.000,1.000,-1.000
-1.000,-1.000,-1.000
1.000,-1.000,-1.000
1.000,1.000,-1.000
-1.000,1.000,-1.000
-1.000,-1.000,-1.000
1.000,-1.000,1.000
-1.000,-1.000,1.000
-1.000,1.000,1.000
0.488,1.000,-1.000
-1.000,-1.000,-1.000
1.000,-1.000,-1.000
1.000,1.000,-1.000
-1.000,1.000,-1.000
-1.000,-1.000,-1.000
1.000,-1.000,1.000
-1.000,-1.000,1.000
-1.000,1.000,1.000
1.000,1.000,-1.000
-1.000,1.000,-1.000
-1.000,-1.000,-1.000
1.000,-1.000,-1.000
1.000,1.000,-1.000
-1.000,1.000,-1.000
-1.000,-1.000,-1.000
1.000,-1.000,1.000
-1.000,-1.000,1.000
-1.000,1.000,1.000
1.000,1.000,-1.000
-1.000,1.000,-1.000
-1.000,-1.000,-1.000
1.000,-1.000,-1.000
1.000,1.000,-1.000
-1.000,1.000,-1.000
-1.000,-1.000,-1.000
1.000,-1.000,1.000
-1.000,-1.000,1.000
-1.000,1.000,1.000
1.000,1.000,-1.000
-1.000,1.000,-1.000
-1.000,-1.000,-1.000
1.000,-1.000,-1.000
1.000,1.000,-1.000
-1.000,1.000,-1.000
-1.000,-1.000,-1.000
1.000,-1.000,1.000
-1.000,-1.000,1.000
-1.000,1.000,1.000
0.364,1.000,-1.000
-1.000,-1.000,-1.000
1.000,-1.000,-1.000
1.000,1.000,-1.000
-1.000,1.000,-1.000
-1.000,-1.000,-1.000
1.000,-1.000,1.000
-1.000,-1.000,1.000
-1.000,1.000,1.000
1.000,1.000,-1.000
-1.000,1.000,-1.000
-1.000,-1.000,-1.000
1.000,-1.000,-1.000
1.000,1.000,-1.000
-1.000,1.000,-1.000
-1.000,-1.000,-1.000
1.000,-1.000,1.000
-1.000,-1.000,1.000
-1.000,1.000,1.000
1.000,1.000,-1.000
-1.000,1.000,-1.000
-1.000,-1.000,-1.000
1.000,-1.000,-1.000
1.000,1.000,-1.000
-1.000,1.000,-1.000
-1.000,-1.000,-1.000
1.000,-1.000,1.000
-1.000,-1.000,1.000
-1.000,1.000,1.000
0.986,1.000,-1.000
-1.000,1.000,-1.000
-1.000,-1.000,-1.000
1.000,-1.000,-1.000
1.000,1.000,-1.000
-1.000,1.000,-1.000
-1.000,-1.000,-1.000
1.000,-1.000,1.000
-1.000,-1.000,1.000
-1.000,1.000,1.000
0.351,1.000,-1.000
-1.000,-1.000,-1.000
1.000,-1.000,-1.000
1.000,1.000,-1.000
-1.000,1.000,-1.000
-1.000,-1.000,-1.000
1.000,-1.000,1.000
-1.000,-1.000,1.000
-1.000,1.000,1.000
1.000,1.000,-1.000
-1.000,1.000,-1.000
-1.000,-1.000,-1.000
1.000,-1.000,-1.000
1.000,1.000,-1.000
-1.000,1.000,-1.000
-1.000,-1.000,-1.000
1.000,-1.000,1.000
-1.000,-1.000,1.000
-1.000,1.000,1.000
1.000,1.000,-1.000
-1.000,1.000,-1.000
-1.000,-1.000,-1.000
1.000,-1.000,-1.000
1.000,1.000,-1.000
-1.000,1.000,-1.000
-1.000,-1.000,-1.000
1.000,-1.000,1.000
-1.000,-1.000,1.000
-1.000,1.000,1.000
0.910,1.000,-1.000
-1.000,1.000,-1.000
-1.000,-1.000,-1.000
1.000,-1.000,-1.000
1.000,1.000,-1.000
-1.000,1.000,-1.000
-1.000,-1.000,-1.000
1.000,-1.000,1.000
-1.000,-1.000,1.000
-1.000,1.000,1.000
0.424,1.000,-1.000
-1.000,-1.000,-1.000
1.000,-1.000,-1.000
1.000,1.000,-1.000
-1.000,1.000,-1.000
-1.000,-1.000,-1.000
1.000,-1.000,1.000
-1.000,-1.000,1.000
-1.000,1.000,1.000
1.000,1.000,-1.000
-1.000,1.000,-1.000
-1.000,-1.000,-1.000
1.000,-1.000,-1.000
1.000,1.000,-1.000
-1.000,1.000,-1.000
-1.000,-1.000,-1.000
1.000,-1.000,1.000
-1.000,-1.000,1.000
-1.000,1.000,1.000
1.000,1.000,-1.000
-1.000,1.000,-1.000
-1.000,-1.000,-1.000
1.000,-1.000,-1.000
1.000,1.000,-1.000
-1.000,1.000,-1.000
-1.000,-1.000,-1.000
1.000,-1.000,1.000
-1.000,-1.000,1.000
-1.000,1.000,1.000
1.000,1.000,-1.000
-1.000,1.000,-1.000
-1.000,-1.000,-1.000
1.000,-1.000,-1.000
1.000,1.000,-1.000
-1.000,1.000,-1.000
-1.000,-1.000,-1.000
1.000,-1.000,1.000
-1.000,-1.000,1.000
-1.000,1.000,1.000
0.346,1.000,-1.000
-1.000,-1.000,-1.000
1.000,-1.000,-1.000
1.000,1.000,-1.000
-1.000,1.000,-1.000
-1.000,-1.000,-1.000
1.000,-1.000,1.000
-1.000,-1.000,1.000
-1.000,1.000,1.000
1.000,1.000,-1.000
-1.000,1.000,-1.000
-1.000,-1.000,-1.000
1.000,-1.000,-1.000
1.000,1.000,-1.000
-1.000,1.000,-1.000
-1.000,-1.000,-1.000
1.000,-1.000,1.000
-1.000,-1.000,1.000
-1.000,1.000,1.000
1.000,1.000,-1.000
-1.000,1.000,-1.000
-1.000,-1.000,-1.000
1.000,-1.000,-1.000
1.000,1.000,-1.000
-1.000,1.000,-1.000
-1.000,-1.000,-1.000
1.000,-1.000,1.000
-1.000,-1.000,1.000
-1.000,1.000,1.000
0.901,1.000,-1.000
-1.000,1.000,-1.000
-1.000,-1.000,-1.000
1.000,-1.000,-1.000
1.000,1.000,-1.000
-1.000,1.000,-1.000
-1.000,-1.000,-1.000
1.000,-1.000,1.000
-1.000,-1.000,1.000
-1.000,1.000,1.000
0.449,1.000,-1.000
-1.000,-1.000,-1.000
1.000,-1.000,-1.000
1.000,1.000,-1.000
-1.000,1.000,-1.000
-1.000,-1.000,-1.000
1.000,-1.000,1.000
-1.000,-1.000,1.000
-1.000,1.000,1.000
1.000,1.000,-1.000
-1.000,1.000,-1.000
-1.000,-1.000,-1.000
1.000,-1.000,-1.000
1.000,1.000,-1.000
-1.000,1.000,-1.000
-1.000,-1.000,-1.000
1.000,-1.000,1.000
-1.000,-1.000,1.000
-1.000,1.000,1.000
1.000,1.000,-1.000
-1.000,1.000,-1.000
-1.000,-1.000,-1.000
1.000,-1.000,-1.000
1.000,1.000,-1.000
-1.000,1.000,-1.000
-1.000,-1.000,-1.000
1.000,-1.000,1.000
-1.000,-1.000,1.000
-1.000,1.000,1.000
1.000,1.000,-1.000
-1.000,1.000,-1.000
-1.000,-1.000,-1.000
1.000,-1.000,-1.000
1.000,1.000,-1.000
-1.000,1.000,-1.000
-1.000,-1.000,-1.000
1.000,-1.000,1.000
-1.000,-1.000,1.000
-1.000,1.000,1.000
0.355,1.000,-1.000
-1.000,-1.000,-1.000
1.000,-1.000,-1.000
1.000,1.000,-1.000
-1.000,1.000,-1.000
-1.000,-1.000,-1.000
1.000,-1.000,1.000
-1.000,-1.000,1.000
-1.000,1.000,1.000
1.000,1.000,-1.000
-1.000,1.000,-1.000
-1.000,-1.000,-1.000
1.000,-1.000,-1.000
1.000,1.000,-1.000
-1.000,1.000,-1.000
-1.000,-1.000,-1.000
1.000,-1.000,1.000
-1.000,-1.000,1.000
-1.000,1.000,1.000
1.000,1.000,-1.000
-1.000,1.000,-1.000
-1.000,-1.000,-1.000
1.000,-1.000,-1.000
1.000,1.000,-1.000
-1.000,1.000,-1.000
-1.000,-1.000,-1.000
1.000,-1.000,1.000
-1.000,-1.000,1.000
-1.000,1.000,1.000
0.940,1.000,-1.000
-1.000,1.000,-1.000
-1.000,-1.000,-1.000
1.000,-1.000,-1.000
1.000,1.000,-1.000
-1.000,1.000,-1.000
-1.000,-1.000,-1.000
1.000,-1.000,1.000
-1.000,-1.000,1.000
-1.000,1.000,1.000
0.388,1.000,-1.000
-1.000,-1.000,-1.000
1.000,-1.000,-1.000
1.000,1.000,-1.000
-1.000,1.000,-1.000
-1.000,-1.000,-1.000
1.000,-1.000,1.000
-1.000,-1.000,1.000
-1.000,1.000,1.000
1.000,1.000,-1.000
-1.000,1.000,-1.000
-1.000,-1.000,-1.000
1.000,-1.000,-1.000
1.000,1.000,-1.000
-1.000,1.000,-1.000
-1.000,-1.000,-1.000
1.000,-1.000,1.000
-1.000,-1.000,1.000
-1.000,1.000,1.000
1.000,1.000,-1.000
-1.000,1.000,-1.000
-1.000,-1.000,-1.000
1.000,-1.000,-1.000
1.000,1.000,-1.000
-1.000,1.000,-1.000
-1.000,-1.000,-1.000
1.000,-1.000,1.000
-1.000,-1.000,1.000
-1.000,1.000,1.000
1.000,1.000,-1.000
-1.000,1.000,-1.000
-1.000,-1.000,-1.000
1.000,-1.000,-1.000
1.000,1.000,-1.000
-1.000,1.000,-1.000
-1.000,-1.000,-1.000
1.000,-1.000,1.000
-1.000,-1.000,1.000
-1.000,1.000,1.000
0.345,1.000,-1.000
-1.000,-1.000,-1.000
1.000,-1.000,-1.000
1.000,1.000,-1.000
-1.000,1.000,-1.000
-1.000,-1.000,-1.000
1.000,-1.000,1.000
-1.000,-1.000,1.000
-1.000,1.000,1.000
1.000,1.000,-1.000
-1.000,1.000,-1.000
-1.000,-1.000,-1.000
1.000,-1.000,-1.000
1.000,1.000,-1.000
-1.000,1.000,-1.000
-1.000,-1.000,-1.000
1.000,-1.000,1.000
-1.000,-1.000,1.000
-1.000,1.000,1.000
1.000,1.000,-1.000
-1.000,1.000,-1.000
-1.000,-1.000,-1.000
1.000,-1.000,-1.000
1.000,1.000,-1.000
-1.000,1.000,-1.000
-1.000,-1.000,-1.000
1.000,-1.000,1.000
-1.000,-1.000,1.000
-1.000,1.000,1.000
0.879,1.000,-1.000
-1.000,1.000,-1.000
-1.000,-1.000,-1.000
1.000,-1.000,-1.000
1.000,1.000,-1.000
-1.000,1.000,-1.000
-1.000,-1.000,-1.000
1.000,-1.000,1.000
-1.000,-1.000,1.000
-1.000,1.000,1.000
0.479,1.000,-1.000
-1.000,-1.000,-1.000
1.000,-1.000,-1.000
1.000,1.000,-1.000
-1.000,1.000,-1.000
-1.000,-1.000,-1.000
1.000,-1.000,1.000
-1.000,-1.000,1.000
-1.000,1.000,1.000
1.000,1.000,-1.000
-1.000,1.000,-1.000
-1.000,-1.000,-1.000
1.000,-1.000,-1.000
1.000,1.000,-1.000
-1.000,1.000,-1.000
-1.000,-1.000,-1.000
1.000,-1.000,1.000
-1.000,-1.000,1.000
-1.000,1.000,1.000
1.000,1.000,-1.000
-1.000,1.000,-1.000
-1.000,-1.000,-1.000
1.000,-1.000,-1.000
1.000,1.000,-1.000
-1.000,1.000,-1.000
-1.000,-1.000,-1.000
1.000,-1.000,1.000
-1.000,-1.000,1.000
-1.000,1.000,1.000
1.000,1.000,-1.000
-1.000,1.000,-1.000
-1.000,-1.000,-1.000
1.000,-1.000,-1.000
1.000,1.000,-1.000
-1.000,1.000,-1.000
-1.000,-1.000,-1.000
1.000,-1.000,1.000
-1.000,-1.000,1.000
-1.000,1.000,1.000
0.358,1.000,-1.000
-1.000,-1.000,-1.000
1.000,-1.000,-1.000
1.000,1.000,-1.000
-1.000,1.000,-1.000
-1.000,-1.000,-1.000
1.000,-1.000,1.000
-1.000,-1.000,1.000
-1.000,1.000,1.000
1.000,1.000,-1.000
-1.000,1.000,-1.000
-1.000,-1.000,-1.000
1.000,-1.000,-1.000
1.000,1.000,-1.000
-1.000,1.000,-1.000
-1.000,-1.000,-1.000
1.000,-1.000,1.000
-1.000,-1.000,1.000
-1.000,1.000,1.000
1.000,1.000,-1.000
-1.000,1.000,-1.000
-1.000,-1.000,-1.000
1.000,-1.000,-1.000
1.000,1.000,-1.000
-1.000,1.000,-1.000
-1.000,-1.000,-1.000
1.000,-1.000,1.000
-1.000,-1.000,1.000
-1.000,1.000,1.000
0.919,1.000,-1.000
-1.000,1.000,-1.000
-1.000,-1.000,-1.000
1.000,-1.000,-1.000
1.000,1.000,-1.000
-1.000,1.000,-1.000
-1.000,-1.000,-1.000
1.000,-1.000,1.000
-1.000,-1.000,1.000
-1.000,1.000,1.000
0.425,1.000,-1.000
-1.000,-1.000,-1.000
1.000,-1.000,-1.000
1.000,1.000,-1.000
-1.000,1.000,-1.000
-1.000,-1.000,-1.000
1.000,-1.000,1.000
-1.000,-1.000,1.000
-1.000,1.000,1.000
1.000,1.000,-1.000
-1.000,1.000,-1.000
-1.000,-1.000,-1.000
1.000,-1.000,-1.000
1.000,1.000,-1.000
-1.000,1.000,-1.000
-1.000,-1.000,-1.000
1.000,-1.000,1.000
-1.000,-1.000,1.000
-1.000,1.000,1.000
1.000,1.000,-1.000
-1.000,1.000,-1.000
-1.000,-1.000,-1.000
1.000,-1.000,-1.000
1.000,1.000,-1.000
-1.000,1.000,-1.000
-1.000,-1.000,-1.000
1.000,-1.000,1.000
-1.000,-1.000,1.000
-1.000,1.000,1.000
1.000,1.000,-1.000
-1.000,1.000,-1.000
-1.000,-1.000,-1.000
1.000,-1.000,-1.000
1.000,1.000,-1.000
-1.000,1.000,-1.000
-1.000,-1.000,-1.000
1.000,-1.000,1.000
-1.000,-1.000,1.000
-1.000,1.000,1.000
0.353,1.000,-1.000
-1.000,-1.000,-1.000
1.000,-1.000,-1.000
1.000,1.000,-1.000
-1.000,1.000,-1.000
-1.000,-1.000,-1.000
1.000,-1.000,1.000
-1.000,-1.000,1.000
-1.000,1.000,1.000
1.000,1.000,-1.000
-1.000,1.000,-1.000
-1.000,-1.000,-1.000
1.000,-1.000,-1.000
1.000,1.000,-1.000
-1.000,1.000,-1.000
-1.000,-1.000,-1.000
1.000,-1.000,1.000
-1.000,-1.000,1.000
-1.000,1.000,1.000
1.000,1.000,-1.000
-1.000,1.000,-1.000
-1.000,-1.000,-1.000
1.000,-1.000,-1.000
1.000,1.000,-1.000
-1.000,1.000,-1.000
-1.000,-1.000,-1.000
1.000,-1.000,1.000
-1.000,-1.000,1.000
-1.000,1.000,1.000
0.953,1.000,-1.000
-1.000,1.000,-1.000
-1.000,-1.000,-1.000
1.000,-1.000,-1.000
1.000,1.000,-1.000
-1.000,1.000,-1.000
-1.000,-1.000,-1.000
1.000,-1.000,1.000
-1.000,-1.000,1.000
-1.000,1.000,1.000
0.375,1.000,-1.000
-1.000,-1.000,-1.000
1.000,-1.000,-1.000
1.000,1.000,-1.000
-1.000,1.000,-1.000
-1.000,-1.000,-1.000
1.000,-1.000,1.000
-1.000,-1.000,1.000
-1.000,1.000,1.000
1.000,1.000,-1.000
-1.000,1.000,-1.000
-1.000,-1.000,-1.000
1.000,-1.000,-1.000
1.000,1.000,-1.000
-1.000,1.000,-1.000
-1.000,-1.000,-1.000
1.000,-1.000,1.000
-1.000,-1.000,1.000
-1.000,1.000,1.000
1.000,1.000,-1.000
-1.000,1.000,-1.000
-1.000,-1.000,-1.000
1.000,-1.000,-1.000
1.000,1.000,-1.000
-1.000,1.000,-1.000
-1.000,-1.000,-1.000
1.000,-1.000,1.000
-1.000,-1.000,1.000
-1.000,1.000,1.000
1.000,1.000,-1.000
-1.000,1.000,-1.000
-1.000,-1.000,-1.000
1.000,-1.000,-1.000
1.000,1.000,-1.000
-1.000,1.000,-1.000
-1.000,-1.000,-1.000
1.000,-1.000,1.000
-1.000,-1.000,1.000
-1.000,1.000,1.000
0.341,1.000,-1.000
-1.000,-1.000,-1.000
1.000,-1.000,-1.000
1.000,1.000,-1.000
-1.000,1.000,-1.000
-1.000,-1.000,-1.000
1.000,-1.000,1.000
-1.000,-1.000,1.000
-1.000,1.000,1.000
1.000,1.000,-1.000
-1.000,1.000,-1.000
-1.000,-1.000,-1.000
1.000,-1.000,-1.000
1.000,1.000,-1.000
-1.000,1.000,-1.000
-1.000,-1.000,-1.000
1.000,-1.000,1.000
-1.000,-1.000,1.000
-1.000,1.000,1.000
1.000,1.000,-1.000
-1.000,1.000,-1.000
-1.000,-1.000,-1.000
1.000,-1.000,-1.000
1.000,1.000,-1.000
-1.000,1.000,-1.000
-1.000,-1.000,-1.000
1.000,-1.000,1.000
-1.000,-1.000,1.000
-1.000,1.000,1.000
0.867,1.000,-1.000
-1.000,1.000,-1.000
-1.000,-1.000,-1.000
1.000,-1.000,-1.000
1.000,1.000,-1.000
-1.000,1.000,-1.000
-1.000,-1.000,-1.000
1.000,-1.000,1.000
-1.000,-1.000,1.000
-1.000,1.000,1.000
0.504,1.000,-1.000
-1.000,-1.000,-1.000
1.000,-1.000,-1.000
1.000,1.000,-1.000
-1.000,1.000,-1.000
-1.000,-1.000,-1.000
1.000,-1.000,1.000
-1.000,-1.000,1.000
-1.000,1.000,1.000
1.000,1.000,-1.000
-1.000,1.000,-1.000
-1.000,-1.000,-1.000
1.000,-1.000,-1.000
1.000,1.000,-1.000
-1.000,1.000,-1.000
-1.000,-1.000,-1.000
1.000,-1.000,1.000
-1.000,-1.000,1.000
-1.000,1.000,1.000
1.000,1.000,-1.000
-1.000,1.000,-1.000
-1.000,-1.000,-1.000
1.000,-1.000,-1.000
1.000,1.000,-1.000
-1.000,1.000,-1.000
-1.000,-1.000,-1.000
1.000,-1.000,1.000
-1.000,-1.000,1.000
-1.000,1.000,1.000
1.000,1.000,-1.000
-1.000,1.000,-1.000
-1.000,-1.000,-1.000
1.000,-1.000,-1.000
1.000,1.000,-1.000
-1.000,1.000,-1.000
-1.000,-1.000,-1.000
1.000,-1.000,1.000
-1.000,-1.000,1.000
-1.000,1.000,1.000
0.372,1.000,-1.000
-1.000,-1.000,-1.000
1.000,-1.000,-1.000
1.000,1.000,-1.000
-1.000,1.000,-1.000
-1.000,-1.000,-1.000
1.000,-1.000,1.000
-1.000,-1.000,1.000
-1.000,1.000,1.000
1.000,1.000,-1.000
-1.000,1.000,-1.000
-1.000,-1.000,-1.000
1.000,-1.000,-1.000
1.000,1.000,-1.000
-1.000,1.000,-1.000
-1.000,-1.000,-1.000
1.000,-1.000,1.000
-1.000,-1.000,1.000
-1.000,1.000,1.000
1.000,1.000,-1.000
-1.000,1.000,-1.000
-1.000,-1.000,-1.000
1.000,-1.000,-1.000
1.000,1.000,-1.000
-1.000,1.000,-1.000
-1.000,-1.000,-1.000
1.000,-1.000,1.000
-1.000,-1.000,1.000
-1.000,1.000,1.000
0.966,1.000,-1.000
-1.000,1.000,-1.000
-1.000,-1.000,-1.000
1.000,-1.000,-1.000
1.000,1.000,-1.000
-1.000,1.000,-1.000
-1.000,-1.000,-1.000
1.000,-1.000,1.000
-1.000,-1.000,1.000
-1.000,1.000,1.000
0.373,1.000,-1.000
-1.000,-1.000,-1.000
1.000,-1.000,-1.000
