#{"t_start": 1643092796.4262013, "env_id": "SkeletonSwimmer-v0"}
r,l,t0-7.542742,2000,14.167924.1-3.675032,2000,35.13093--8.249801,2000,56.05795-6.0-0.157933,2000,76.6-8.8733-6.820852,2000,97.-11.7-5.491751,2000,118.43911-0.4679-2.327328,2000,1395.-3.968529,2000,160.12843-11.2437.953195,2000,181.3-7.1.59-7.5-4.25895,2000,209.5-6.792144,2000,223.209918.676783,2000,244.040837
-10.679316,2000,264.9478
9.5579-158.362784,2000,2857.716.215.229401,2000,306.4.877.846402,2000,327.143914.3-4.446697,2000,348.02475.011781,2000,368.898285
12.9604175.664577,2000,38933.774314,2000,410.6678383462.5523-2.405806,2000,4316832.87129,2000,452.49014481.67155.1182.057515,2000,443.1101.529120.728318,2000,128.5321312139.984538,2000,167.41163.315603,2000,535.69191.05183.011077,2000,556.7621202213.62047,2000,577.8692233.584633,2249.239919,2000,25266.425599,2000,619.51082228293.62717279.954554,2000,328.28232326.611885,2000,6613357352.389165,2000,682.50638388.375.70379.017213,2000,394.197155405.930202,2000,72414.415.873026,2000,745.237344444437.530582,2000,765.92544452464.082455.618317,2000,46474.66835,2000,807.6351914503.0195486.803852,2000,8284493.500.6492.088479,2000,84505.520514,2000,870.474182
5508.1590497.249447,2000,881510.3509.5512.450543,2000,952525.275226,2000,923.66102521516.614963,2000,944.64284523537.0274527.280469,2000,9541547.514554.789052,2000,98539.721532.066534,2000,1007.1540533538.288704,2000,1028.4755563.548.751712,2000,1050.0552.14956559.083953,2000,107570.567567.87073,2000,1091.68584.59597.3571.62977,2000,1595.25615.55595.680159,2000,16609.4619.111877,2000,1154.48628.30551615609.657371,2000,1592.11391,200589.783513,20006587.162619.659293,2000,121763626.1624.600996,2000,1238.363629.0629.867993,2000,1259.2614.323447,6628.814288,2000,1655.8664675.327659.917106,2006668.461938,200669.440705,200644.837238,642668.426923,20006669.6656.9642.104331,2000,16665.616909,2000,1385.222747672.502939,20068669.483362,2069706.36688.799463,2000,1427.7714.841349,2000,1448.2939987722.934725.94716.550912,20737.747922,2000722.590184,200749760.49374174738738.263632757.431808,758.5286777.812573752.744.683438,200739.723435,761.775.21699761.974179,2000,750.88156,2000,15748.855443,801.3799.342780.396205,2000,816.86810.810.9812.725849,200830.224057822.0977826.814,200848.44842.12384835.540879,200856.93855.695879,2000,1699.52866.3986864.812744,2000,1720.889.2869.49035892.165778,200883.078379,200880888.786208,2906.488892.290691,20914.843920.694903.941668,2000,1794.5929.71092914.690859,2000,1815917.28904,2000,929.794911.19916.609818929.6921.721988,200926.943262906.931138,2000,187931.2708918.063912.88471,2000944.3602964.09954.59937.86991945.6682950.34962.198795,200959.973488,2000,1962.449044
967.67569968.7979.531474,2000988.3715993.864766,2000,2004.1002.5131006.503505,2000,2025995.40177991.265946,2000,20461007.02221021.671021028.1036.31008.2491047.714977,2000,2088.1040.427745,2001063.694336,2001060.291061.768088,2000,2129.81040.841298,2000,2151.032326
1079.707208,201061.444595,20001091.929768,201071102.186372,21060.91050.74501,1079.504121,1103.71122.4021105.102338,2001124.085034,201122.1141.27130211371121137.681137.074544,20001132.51127.564226,201140.619341159.71113.709956,21122.0992651131.22732,2001151.475714,2001161.272339,2001147.893491135.1149.1180.791079,2001162.345291178.912376,1167.75131,2000,2411871183.3311831153.176551194.118711184.16001170.37559,2000,11951193.918896,20121202.47081206.342147,2000,2486.899317
1200.11199.11205.86728,2000,21225.21215.1225.623697,2000,251227.241228.580947,1222.38559,1231.298608,2000,21223.093237,1225.1212141221.521337,2000,21216.906765,2000,2615.566909
1226.97811921232.081405,2000,2384.857886,2389375.5390.6945532.649447.098981,200467.5372536.372454.502708,20524.26403656.3338449.833245,2000,423.2467.2431495.870982,2000,2731.613.471668.59167,2000,2752.48615.138564,2000,2773.777675.9692.1470706.45845,2000,2794.7715.06720.163714.0731.299968,732.441747.261987,7752.308421737.327092,2000,2857.421469
752.456588,2000,28756.010446,705.1741.0674.01199716.497961794.14788.572680.424788.27218801.55036478811.042542,2000,2832.18826.635431,2000,2962.55835.5827.9483839.1837.659547,854.48854.861.634996,200847.9874.87863.86882.899677,2000,3865.89867.61349,2000,3046.51854.55850.845.20854.437297,20874879868.4854.6862.19714,20893.877876.873433,2000,3109.1906.476126,2000,3130.025014
935.018918,2932.336742,2000,3917949909.09915.685178,2000,3890818.198577,20887.768886,20922917937.393941.674904,2000964.206954.136970.181649,200096721.9970379.142961.141198,2917.41328.556719,2000,3276.88939.51969.976.21868,2000,329992.951970.930068,993.223922,996.364184996.9907999.2884341003.591001010.874697,2000,3361017.981001021.175056,2000,3111031.078862,101014.572946,201029.084292,2000,3423.878118
1044.9501047.806518,2000,344101071.0781055.095522,2000,34611057.785192,20001056.978268,201056.72601044.772486,2000,350791037.2901039.102091049.627661054.495649,20001047.586915,201051.173226,2000,3560.742576
1069.59822,2000,351053.81484411077.35346,2000,361080.4893861079.03761080.91078.160019,2001079.955113,21082.832217,2000,1084.68301088.142617,2000,36611090.542317,2010831093.7223291091.993298,2000,311087.51104.1097.71091096111107.599344,201087.798497,2001091088.4600331100.501041090.3826011100.311111113.120874,2000,3791.520301101125.24141109.650911095.5471081103.475838,11121091.5405191111108.27581099.534701087.411103.855074,2000,31113.535734,10991102.1443109101095.845545,11101116.700515,2000,3917.544710891122.733585,11097.932013,111051105.03801117.232416,200011113.495856,211161110.392036,211171133.738674,201147.063393,11471125.18621141138.438552,201125.157832,20001141.889015,201141148.77691154.55091135.16111141152.44341138.807524,2000,41151.44842,2000,4106.643862
1156.722379,21141.381404,2000,1147.007787,211391151.703931151158.117576,2000,41701144.8041168.568836,20111162.480767,201160.772326,2000,4212.616511571163.26505,2000,4233.536107
1163.824842,201168.691332,20011163.5202,2000,4275.1170.21511148.571245,2000,4291160.69571166.661536,2000,4317.451065
11159.612147,2000,4338.60215
1171.801424,2000,4351168.16631181.276716,2000,43801171.80951179.207167,2000,44011174.945411181.525904,201183.66084211111186.085551176.303398,1163.1180.060603,2000,4454.364285
1180.732836,20001164.14571179.111182.885037,2000,4496.1372
1182.233769,2000,4517.1191187.1186.276211,2000,4538.10258511197.703419,20001183.583712,21187.21532,2000,41191179.08141191.543266,2000,41175.81182.61197.350261,2000,4622.032132
11188.957091,2000,4642.9240711213.19068,2000,4663.781197.4111204.622236,200121206.411191211206.966886,2000,470611211.1211205.318765,2000,4727.45231227.079793,2000,41214.961201.1215.320178,2000,41195.863668,1192.207085,2000,471227.4080971211203.291642,2000,4811.612121233.256332,2000,41224.611226.1218.259152,2000,4853.5121230.1229.0514,2000,4874.58893
1240.3982,2000,4895.45017111202.4561237.681261,2000,4916.1182.6401245.509645,21208.1171200.66441194.040661,2000,49581211.5931215.90326,2001198.6471245.758807,2000,5000.283371
1250.050648,2000,5021.1261.0101253.31242.770885,2000,5042.251253.043055,2000,5063.226983
1264.171032,2000,50841262.15141261.309899,2000,5105.342366
1254.449973,2000,51261250.49211250.91250.0159,2000,5147.428112541255.323887,2000,1249.11711252.218062,2000,51891255.76611251257.068377,2000,5210.48121251254.818289,2000,521248.9011253.996301,2000,5251249.921121241259.725628,2000,521245.4561263.176309,2000,5291268.801251257.368496,2000,53011255.4912121244.614447,2000,5329.011250121236.05891,2000,5349.89954911236.157837,2000,5370.98744121227.733551,2000,5391241.826721224.533425,2000,1238.931833121227.326787,2000,5434.061219.21241.209169,2000,1229.055001111227.710138,2000,5471226.097121217.836383,2000,1233.321211241244.660227,2000,5517.783111241227.800044,2000,5538.82855121249.350133,2000,55591228.41231223.158352,2000,5580124511230.756878,2000,5602.0241217.1234.164929,2000,56221246.496012441248.306466,2000,5643.912112331244.029724,2000,5664.842512521250.321769,2001248.91250.121251.137297,2000,5706.9412491208.101035,2000,5728.288122911210.996727,2000,571212.508672121232.27926,2000,5770.1540111259.271292,2000,5791.081253.11258.626133,2000,5811.95887211239.499743,2000,5832.96313911255.959321,2000,5853.794646
11250.694667,2000,5874.90720511249.750303,2000,5895.74818111254.377209,2000,5916.6660921227.08266,2000,5931253.814121213.844078,2000,5959.087551
1241230.95693,2000,5980.0294431254.096587,2000,601246.31243.1261.992691,2000,6021.84112361262.964523,2000,6042.95480111251269.342119,2000,6064.20741121257.860699,2000,6085.030378121270.288665,2000,6105.8969461271.719681,2000,61212821258.51266.176518,2000,6147.835571121262.457342,2000,61269.344134,121270.222957,2000,6189.9398521248.591411,2000,6200.712612421244.175961,2000,6221.73481212481242.456382,2000,6242.77121248.595345,2000,6263.770799
12321238.446285,2000,62841208.1190.553366,2000,6305.511187.212281234.412564,2000,6321210.612221232.100054,2000,6347.61011232.707381,2000,6368.60276
1262.1256.926701,2000,6389.6161224.22328,2000,6411.1511231221.25,1216.905266,2000,61228.72387,2000,6453.294941211213.956228,21213.824222,201211215.016473,21208.97419,2000,61213.287422,1203.730789,2000,61221.451158,2000,6536.881212.11216.475571,1204.065206,2000,61225.967908,2000,6578.821202.41223.15287,21231.739573,2000,1215.24019,2000,6620.754853
1219.535378,2000,6641.613746
1221.737509,2000,6662.546212171220.924874,201220.405258,20001225.559775,2000,6704.942551
1232.675315,201232.298265,20001227.168466,201230.54411,2000,1230.945248,21231.157787,200011232.532284,21236.16115,2000,61231.205937,2000,6809.651867121243.772724,1248.596438,2000,61243.305377,2000,6851.352771
1247.453687,1238.753094,2000121245.909972,2000,6893.364741241235.3016311242.282574,20012481231.528521238.894333,20001211250.428354,2000,6956.267661251194.856011251.443233,2000,6971259.615218,2000,6998.191112611261.023862,2000,7019.232352
1255.0891258.200141,2000,125121254.6871255.969827,2000,7061.1146.551307,2000,7082.197898.11260.538604,2000,7093.208414
1254.31256.537135,2000,71254.31264.71264.295323,2000,7135.411234.58748,2000,7156.24521
1263.7525,2000,7177.26277711258.07081261.624577,2000,12611162.45571064.832261,2000,72191262.812077,2000,7240.853612611259.79581,2000,7262.170791261253.699411252.876568,2000,1251259.628815,2000,7304.165966
1250.894691243.20507,2000,7321202.524291246.575053,2000,7121250.603555,2000,7367.434201251251.851947,2000,7388.276566121264.13271252.478737,2000,74091258.60251257.2275571253.571251258.282615,2000,7451.277671251256.602939,2000,7472.207551251238.650476,2000,7493.249443
1244.11581254.756916,2000,108735.58149,2000,7535.175717
600.456146,2000,75742.555753,1264.8050591267.835603,2000,111269.9163881268.257816,2000,71276.183095,1269.919686,200011265.725389,2000,7640.354502
1275.468745,21274.624254,2000,1276.384298,2000,7682.58564411274.784753,21265.952366,2000,1268.2477,2001277.037226,2001269.485897,2001263.027897,2121271.329058,2000,7766.286173121273.868292,2001277.104264,2001273.126051,2000,7808.230576
1276.209917,2000,7829.105874121275.847697,2000,7852.628523
1281.890259,2000,7873.463517
1270.059212,2000,7894.483951271278.567773,201277.310155,20001259.046465,2000,7936.32947721806.884224,2000,7957.256632
1257.099923,2000,7968.19243
1280.374272,2000,7989.2845611268.912249,2001266.401655,2001266.525884,2001276.288783,2001267.025518,2001276.908383,2011071.039022,2000,8073.024766
1265.671743,2000,8094.104784
1245.297998,2001253.73175,20001254.617563,201252.47477,2000,1238.366856,2000,8156.597461241243.138896,1233.763979,2000,81231.089394,1250.258749,2000,81251.872583,1104.54825,2000,821246.4726481250.321158,2000,821242.919672,2000,8261.27678711247.210657,2000,8282.642112351255.873329,2000,8303.558479
1228.766591254.23392,2000,8321247.733421242.132461,2000,8311250.398241255.221787,2000,8121244.756241240.808098,2000,8381247.788206,2000,8408.109011251249.192901249.652774,2000,1241255.184846,2000,8450.194879
1246.461801263.454568,212412591256.088961263.281279,2000,8491231.296805,2000,8513.498712431253.397951257.659798,21249.551248.65401259.027063,2001212571271.9761241.073059,2000,85771255.806024,2000,8598.4121271.1245.067511,2000,8619.379307
1276.6211272.131252,2000,86401260.94771265.079138,200012511278.624954,2000,8682.29722
1280.029855,2000,8703.222899
1285.493491286.064153,201271271286.556881,2000,8745.311282.71280.367401283.876223,201279.11282.784121284.376137,2000,8781283.545855,2000,8808.457098
1286.469109,2000,8829.394377
1276.683714,2000,8850.31281.27915.132727,2000,8861.45112881288.6024571287.291208,2000,881291.0673041291.012077,21277.91283.3946031280.671677,2000,891273.173011278.364681,201280.61252.22201269.082349,2001280.91281.72991277.896997,2001271280.525216,1283.232094,2000,91283.229728,1276.631135,2001281280.686192,1278.769027,2000,91277.341076,2000,9071.151381291279.923226,2000,9091.997012851288.54513,2000,9112.849121
1277.464904,1290.032146,2001281284.815397,2000,9154.769141281286.659597,2000,9175.664701281286.021496,2000,9196.513981281276.5886471287.850536,201286.1287.165265,2000,9238.437692
1294.189293,2000,9259.471287.61296.384051299.456464,201211281.594837,2000,9301.386757
1284.395282,21290.258184,2000,1288.375639,2000,9343.404041281290.68826,2000,9364.345083121299.94044,2001296.909342,2011291.309811,2001293.07014,20121304.128721,2000,9427.355681521307.40918,2001301.560405,2131311.893676,2001301.456931,2001310.452101,2001314.677806,1301301.789026,2000,9511.350341301306.957023,2000,9532.216026
1284.195724,2001313.994846,1311174.398085,2000,9574.035412981312.439296,2000,9595.060013021310.020982,2001311.1313.203901313.902577,2001308.001594,2001314.420899,2000,9657.872339
1312.458973,2000,91313.35511313.635897,2000,1316.091862,21307.377868,2000,1315.034213,21318.718937,2000,9741.63714811315.714368,2000,9752.58369611315.253706,2000,1317.420806,21316.39692,2000,9794.762224
1314.155695,2000,91311.22317111311.258623,2000,91312.90808411310.592794,2000,91309.03112611319.446737,2000,91320.883913,1319.869648,2000,91313.50255,21316.18937,2000,9920.745018
1314.657338,2000,91313.051537,1312.77385,2000,9962.426345
1321.559707,2000,991311.4161301314.098019,2000,101320.53213221316.809646,2000,10024.980313161315.275693,2000,10046.065526
1313.75798,2000,11310.460805,21314.28617,2000,10087.846261
1312.503769,2000,10109.011137
1319.763267,2000,10129.841413091317.448046,2000,10150.948113181315.497985,2000,10171.896013121303.12305,2000,101313.14531311321.825516,2000,10213.745001311318.496199,2000,101321.90134,21312.879818,2000,10255.514688
1318.998844,2000,1312.59894,2001313.441789,2000,10297.576871311321.521793,2001313.108401,20001315.756309,2001321.146893,21321315.442156,2000,10361.986459
1312.320229,2000,10383.132181
1321.710948,21323.959523,2001321311.732536,21322.714232,2000,11319.264943,2000,10446.332758
1316.050241,2000,10470.393061311327.651633,2000,10491.415313271317.391822,21318.906623,2000,1321.701196,2000,10531313.971311314.80544,2001316.764813,20001320.569417,2001317.356499,20001320.787291,2001320.358159,20001316.376266,2001311.395215,13171326.506362,2000,10628.0251324.1318.047276,2000,10649.802922
1315.623666,2000,10670.848131811303.369974,2000,10691.73875
1306.244383,2000,10712.749513151313.657072,2000,10733.612313131314.519319,20001309.58279913101216.252528,2000,10775.613138
1308.286356,2000,10796.531308.21303.885717,2000,10817.641302.71297.933342,2001297.686719,20001300.061337,2000,10859.488672
1296.68615,2000,10880.553666
1290.57046,2000,1297.2041292.71296.953703,20001294.863424,2001288.58853,2000,10943.199149
1288.882781,2000,10964.271291.01289.907896,2000,10985.221328
1294.643714,2000,11006.071286.21294.481036,2000,11026.896431
1291.01111,2000,11048.011292.1276.633733,2000,11285.331713,1281.493766,2000,11090.043112581278.043989,2000,111253.837405,1296.488022,2000,111264.852447,1270.720885,2000,11154.153183
1283.364548,2000,11175.091273.61268.377701,2000,111278.502283,1274.845271,2000,11217.11282.611282.009508,2000,11238.51287.131288.239153,2000,11289.793561,21272.280711,2000,11286.729871,21286.766766,2000,11287.475587,21286.459734,2000,11289.749485,21296.051439,2000,113431289.5351276.71328,2000,11364.71292.561278.173413,2000,1131284.1423671291.415899,2000,1141267.6763731277.718612,2000,1141274.2422961289.730568,2000,11448.1295.3091304.996074,2000,1141241210.0971309.098681,2000,114131301.18061305.511955,2000,1151296.4062921301.610478,2000,115221303.27601299.667871,2000,11543.2347
1301.275304,2000,11561291304.511300.098511,2000,11585.11308.451301.997109,2000,11606.01301.021301.321245,2000,11626.888592
1299.843165,2000,11613021302.931301.974186,2000,1161299.745231298.209516,2000,11691298.4911293.249044,2000,11711.167093
1305.139318,2000,11732.1298.9821306.780158,2000,11753.1310.6591301.635118,2000,11774.1292.0301297.583073,2000,11795.1299.2691300.982412,2000,118161292.67071300.760411,2000,11837.071296.91299.593929,2000,118571301299.11300.00251,2000,11878.8261291303.093912,2000,11899.879815
1300.108188,2000,11920.685512371262.389698,2000,11941.764152
1301.455468,2000,11962.5691291.1292.624812,2000,11983.510339
1293.208535,2000,12004.401363
1297.308785,2000,12025.419072
1299.980426,2000,12046.305117
1301.840126,2000,12067.131303.01302.907356,2000,120881302.63351288.562219,2000,121091291305.81298.143418,2000,121301302.45901298.391796,2000,12151.111293.21301.02879,2000,12172.241298.11299.973575,2000,12193.111305.01299.02952,2000,12213.9461307.1305.005909,2000,12234.9041306.1296.767154,2000,12255.12912971294.968626,2000,12277.01299.521296.15791,2000,12297.871281.91297.273366,2000,12318.836746
1292.661203,2000,12339.901242.71298.574811,2000,12360.911293.31301.145546,2000,12381.931301.1302.258655,2000,12403.064836
1297.309525,2000,12413.971293.31297.157683,2000,12435.029329
1302.283819,2000,12456.032639
1304.402911,2000,12477.1311299.1301.999534,2000,12498.21306.01309.131615,2000,12519.081313151299.600055,2000,12539.981311.71301.333879,2000,12560.991212
1290.690586,2000,12581.841129
1287.071988,2000,12603.0111286.1297.054001,2000,12624.191295.11289.251609,2000,12645.105857
1301.179508,2000,12666.241297.21296.394016,2000,12687.2141295.1293.88226,2000,12708.3691299.1303.484997,2000,12729.4101293.1298.973973,2000,12750.475742
1312.469419,2000,12771.6721303.1304.451394,2000,12792.9621299.1306.291066,2000,12814.033594
1307.477006,2000,12835.048427
1313.053875,2000,12856.121313.61315.085921,2000,12877.3231309.1312.799043,2000,12898.351303.51309.760146,2000,12919.541310.1306.034371,2000,12940.551311.91317.214307,2000,12961.71315.861311.181476,2000,12982.741306.1309.090712,2000,13003.8311310.1304.124837,2000,13024.961311.71300.598933,2000,13045.89213121308.096259,2000,13066.871314.1318.225496,2000,13090.494113171302.623785,2000,13111.425445
1301.620466,2000,13132.460213021299.471614,2000,13153.4771308.1303.433758,2000,13174.507112981302.732964,2000,13195.541976
1299.98593,2000,13216.841126
1276.088173,2000,13237.9811296.1260.831479,2000,13258.8991284.1292.018062,2000,13279.7061287.1303.378569,2000,13290.6511269.709.492841,2000,13311.599971
1292.45111,2000,13332.467521291284.127961,2000,13353.471631241309.767059,2000,13374.436681301305.921536,2000,13395.359659
1309.954557,2000,13416.221291291302.158492,2000,13437.23714
1236.348681,2000,13458.165502
1280.595169,2000,13479.011284.11297.996099,2000,13500.083471211293.90733,2000,13521.251581121288.714497,2000,13542.54990111290.922638,2000,13563.559121291299.248625,2000,13584.616012621302.367821,2000,13605.561303.81290.801924,2000,13626.481312841301.916299,2000,13647.391212981302.725194,2000,13668.43491301309.412827,2000,13689.1260.5601300.965934,2000,13710.354212
1290.008959,2000,13731.153621281279.203775,2000,13752.165927
1300.008679,2000,137731267.90781305.737378,2000,137941296.78751288.527289,2000,138141292.12781301.703174,2000,13835.973884121298.047103,2000,13851298.781031293.963611,2000,13877.639021
1296.14224,2000,13898.723981301262.816742,2000,139191300.12891298.73522,2000,13940.630112971272.543044,2000,13961.1292.1251302.077278,2000,13982.410659
1300.490133,2000,14003.221112971298.396806,2000,14024.157111301308.166981,2000,14044.9361306.1297.402482,2000,14065.1308.7621318.263113,2000,14086.8001314.1302.630839,2000,1411301308.131316.499586,2000,14128.508813131312.033043,2000,14149.51313.141320.126401,2000,14170.41318.701306.117133,2000,14181.841302.1292.494586,2000,14202.789894111320.219034,2000,14223.1321.0521302.464262,2000,14244.51308.621308.460354,2000,14265.41304.131317.029651,2000,14286.1298.1131313.670946,2000,14307.1309.8131307.824128,2000,14328.1309.8291316.321734,2000,14349.1308.9721307.645741,2000,143701308.16491308.996775,2000,14391.505513091308.725454,2000,144121308.42561254.989309,2000,14433.714171
1315.997508,2000,14454.131813231160.910304,2000,14471319.121161318.707368,2000,14491309.1305.1321.907748,2000,14517.623131311247.508223,2000,14531318.581311318.018631,2000,14551315.201211313.761363,2000,14581311310.51321.271061,2000,146011322.38191316.680588,2000,14622131313.1311.000873,2000,14643.2911311.1312.825428,2000,14664.3171305.1307.343509,2000,14685.387192
1317.999608,2000,14706.2131313.1240.322624,2000,14727.11322.231320.742095,2000,14748.11297.501320.384318,2000,14769.207174
1316.37243,2000,14790.271317.91321.202775,2000,14811.101313221324.992967,2000,14831.941313001317.005603,2000,1481244.131131322.947005,2000,14873.924729
1301.333876,2000,14894.9921319.1313.708662,2000,14915.876762
1310.508342,2000,1491315.1321321318.197168,2000,14957.811311311323.202503,2000,14913151314.231324.656091,2000,14999.517337
1308.783809,2000,15020.527555
1327.000748,2000,15041.401663
1324.114001,2000,15062.313415
1324.713432,2000,15073.11325.881323.519802,2000,1132131322.4611326.951089,2000,15115.09672
1326.856668,2000,1513611276.6031326.624281,2000,151561322.9261325.768613,2000,15177.1315.11323.49168,2000,15198.8201322.1327.03751,2000,15219.797113131329.034831,2000,15240.724813131327.388852,2000,15261.75251321323.71377,2000,15282.697898131316.766176,2000,15303.533744
1325.373542,2000,15324.453671321334.203194,2000,15345.376248
1327.584138,2000,15366.288388131324.90802,2000,15387.28581811326.644731,2000,15408.19228111326.822936,2000,15429.158411331324.260102,2000,15450.015171331328.538074,2000,15471.049084111328.665738,2000,15492.019274
1189.088334,2000,15512.879948121304.824396,2000,15533.131311321331.869226,2000,15554.876901
1336.064006,2000,15575.795521321336.315919,2000,15596.793041331304.643626,2000,15617.61597
1335.033147,2000,15638.623101311330.837041,2000,15659.544431111334.977303,2000,15680.772028
1334.183435,2000,15704.365121111324.721405,2000,157213313111131325.117019,2000,15746.440811321329.922391,2000,15767.446095
1319.254645,2000,15121323.1314.1317.988023,2000,15809.511128
1326.300564,2000,15830.491313231330.945864,2000,15851.315031331282.743315,2000,151312.811321.1331.675569,2000,15893.014802
1332.075704,2000,15913.791327.91326.902472,2000,15934.8211327.1326.668578,2000,15945.781311311256.718474,2000,15966.719511301309.086585,2000,151307111412421299.706683,2000,16001300.121301308.150087,2000,1602121312.1161245.866225,2000,11308.371151281180.468527,2000,16071.121303.21299.107789,2000,16092.231082
1212.247606,200121295.526575,201296.661476,2000,1299.3031285.61290.906833,2000,16154.944249
1286.54697,2000,11293.6941295.1288.918411,2001301264.995211,21301.360075,2000,11302.263992,21295.103908,2000,16238.567921
1299.449238,2000,1294.51266.8411311.767473,2000,1188.343355,201300.449015,2000,1311.81308.6081305.762788,2000,1285.911307.531309.871677,2001264.6131297.5571297.471476,2000,16364.51284.421302.087586,201294.365656,2000,1310.576553,2000,16406.41306.181285.560314,201277.1310.367104,1307.361159,2000,161291287.0671288.36495,2000,16469.223205
1302.026456,2001297.21296.637221159.328488,2001303.101911,21301311.157599,2001305.41293.78431301.920714,20001202.517945,2131305.094855,2001307.5221307.5131306.650562,201302.3524112012801237.278268,2000,16615.60673130671.063559,2001291.343171,20001305.20737,2000,16657.60327111259.834545,20001276.864298,2001300.884064,20001296.808391309.1311.42521,2000,13012941282.131302.494169,2000,16741.101127121291.88893,2000,16762.147771
1292.075187,2000,16783.00383811289.150635,2000,130212651289.51311.90807,2000,11301.5550771297.881193,2000,16835.964213081287.573944,2000,1688741310.2581313.938806,2000,16878.03045
1314.243198,2000,161308.005152,1308.384295,2000,16920.1311.4371314.502152,2000,16940.1310.211313.606663,2000,169131131213011312.651087,2000,1691305.6830011312.504588,21313.351317.70258,1316.995707,2000,17024.982302
1296.050484,2000,171314.824041,1314.218278,2000,171316.685467,1294.657748,2000,17088.046479
1318.254627,2000,17109.0691313.1326.255212,2000,11324.14044,201317.790941,2000,17150.97401311319.63651,2000,171305.778193,1310.559045,2000,171298.285813,1318.809211,2000,1711313.2511291308.147083,2000,17235.30991
1321.148826,2000,1721320.0381301310.355669,2000,17271316.813231317.847131,2000,171307.290612,1327.852983,2000,17319.473279
1315.850009,2000,17340.588911321323.924942,2000,171305.73313231311.134056,2000,171326.779496,1306.877971,2000,171291.023647,1300.078916,2000,171231.91237.31317.737635,2000,11320.957546,21307.752434,2000,111316.091330.1315.433105,2000,17487.585527
1320.018392,2000,11322.075389131321.188916,2000,1326.362093,201332.75496,2000131330.793657,21320.622395,2000,17572.043306
1318.54228,2000,1307.539903,201325.819208,2000,17614.1326.531328.416078,2000,17636.057753
1314.49644,2000,11325.18948,21321.209601,2000,11321320.1321.1330.233904,2000,1328.258414,211327.212105,2000,1331.070834,211329.964766,2000,1327.371564,201333.562526,2000,1320.821327.861330.897441,2000,1337.834671,131328.647166,2000,1329.183675,21329.997334,2000,11331.842667,21335.3024,2000,1781330.8000441321.25136,2000,17858.720121
1339.47986,2000,17879.8941331.1318.995077,2000,1791340.9212471338.639414,2000,1791330.338646332.430845,2000,179411340.08891345.283985,2000,17961337.241311337.580904,2000,17981313.460181333.454416,2000,18001330.1343.1337.459711,2000,180113291327.31332.522005,2000,18131337.559461333.51904,2000,18069.0811323.1321.663544,2000,18091336.1345.1340.446219,2000,18111331.13261330.823897,2000,18132.134313421340.020039,2000,1815313441339.1345.104609,2000,18174.1340.0391332.368412,2000,18195.226991
1339.173566,2000,182132131315.81316.762266,2000,1311311321.3191317.918883,2000,18258.771314131318.553687,2000,18279.943635
1326.656946,2000,1831313.4419131327.751352,2000,183241320.22231315.094125,2000,181324.19576111322.441834,2000,181321306.81311306.922194,2000,183871312.57311309.358149,2000,18408.835172
1262.88179,2000,18429.873319131295.980399,2000,1321305.6706171119.035299,1073.2181211134.1091313.732093,2000,181291301.94131279.183647,2000,11306.525922,920.184776,2000,18535.221324.11320.936047,201301.71311312.4271283.992867,2000,18577.01316.91769.139628,2000,18598.11318.621319.447873,2000,18609.053651
1308.463681,2000,18629.91306.491290.488938,2000,18650.81313.801294.732125,2000,18671.91310.481307.740292,2000,18692.91313.501322.484739,2000,18711301315.921312.56617,2000,18734.901651
1316.778308,2000,18755.71319.561315.850416,2000,187761315.43961318.668537,2000,18797.81317.81321.284292,2000,1881813181304.1297.030506,2000,18839.811314.11320.84901,2000,18860.766993
1326.152438,2000,18881.781511981320.90984,2000,18902.56761321320.795099,2000,18923.1328.0551322.670478,2000,18944.1324.131333.50586,2000,18965.11326.211323.251428,2000,18986.166437111324.064907,2000,19007.009957131323.47312,2000,19027.972951
1326.738833,2000,19048.88821411317.18271,2000,19069.738261131327.282328,2000,19090.659827131319.482464,2000,19111.621635
1320.159845,2000,19132.457793
1322.217407,2000,19153.381330.81328.128228,2000,19174.339506131324.782095,2000,19195.241317.11321.181083,2000,19216.220386
1306.192687,2000,19237.152256131302.092306,2000,19258.3256
1290.827072,2000,19279.463664
1314.410213,2000,19300.522767
1302.179652,2000,19321.510113131307.944377,2000,19341319.300911329.904122,2000,19363.593513071322.882412,2000,19384.646501
1315.008374,2000,19405.824688
1324.380518,2000,19426.927913201320.289726,2000,19447.90872111325.487485,2000,19468.79358711312.575808,2000,19489.655713171316.860138,2000,19500.60835611314.284983,2000,19521.483131011306.138663,2000,19542.46213041304.953432,2000,19563.552702
1314.537042,2000,19584.665513111305.111334,2000,19605.675057131310.053899,2000,19626.756313091314.017458,2000,19647.99371711322.416235,2000,19668.903158131318.372478,2000,19689.97537
1318.425,2000,19711.065718
1315.50446,2000,19732.21194
1327.294747,2000,19753.09213711327.479714,2000,19774.10714
1318.502663,2000,19794.965609
1321.898546,2000,19816.350026
1323.88863,2000,19837.417918
1320.55137,2000,19858.457913101310.932813,2000,19879.57761
1313.028082,2000,19900.773126
1300.420601,2000,19921.932812
1305.403773,2000,19943.049541
1322.589421,2000,19963.963071
1329.003805,2000,19984.964056
1324.370403,2000,20005.938842
1323.515885,2000,20026.926095
1332.046404,2000,20047.830025
1323.680354,2000,20068.770913181328.330796,2000,20089.834856
1324.665726,2000,20110.954513251315.816142,2000,20132.141566
1318.714331,2000,20153.283771
1317.52542,2000,20174.158799
1311.455647,2000,20195.049894
1315.571505,2000,20216.177892
1317.738224,2000,20237.116109
1303.069039,2000,20258.276324
1319.232061,2000,20279.34613211312.921986,2000,20300.317487
1322.720602,2000,20321.6291
1321.630051,2000,20342.611282
1310.661345,2000,20363.729479
1307.338557,2001324.56616,2000,1318.394231,2000,20395.994715
1315.553969,2000,20417.169554
1318.933284,2000,20438.07095
1308.326823,2000,20458.922698
1315.71179,2000,20479.728201
1320.927711,2000,20500.801784
1312.318631,2000,20521.647194
1306.763949,2000,20542.557266
1310.360392,2000,20563.470843
1319.888319,2000,20584.383448
1318.488043,2000,20605.874415
1310.069884,2000,20627.00091811316.119468,2000,20647.90014111313.184267,2000,20668.980052
1313.932339,2000,20690.081753131311.744321,2000,20711.22881321315.802002,2000,20732.351604
1312.345632,2000,20754.102557
1317.425755,2000,20775.082041
1311.1401,2000,20795.89377511307.428617,2000,20816.719807
1312.129762,2000,20837.550601311314.328993,2000,20858.400637
1314.278547,2000,20879.442541311319.108777,2000,20900.480521311317.027303,21317.550352,2013191315.1861,2000,20945.195385
1313.39115,2000,20966.32724811312.006843,2000,20987.182
1315.041406,2000,21008.085371
1317.922166,2000,21028.927746
1327.322178,2000,21049.990761
1331.850707,2000,211323.337214,1333.104946,2000,21092.062614
1328.612784,2000,21113.138393
1332.020234,2000,21134.182551
1296.671716,2000,21155.235426
1323.774455,2000,21176.343932
1307.26916,2000,21197.306355
1298.4433,2000,21218.466909
1298.449196,2000,21239.566352
1285.036086,2000,21260.775753
1302.784082,2000,21271.800918
1299.734097,2000,21292.650873
1311.346969,2000,21313.602821
1318.679294,2000,21334.521031
1316.450543,2000,21355.455185
1320.431111,2000,21376.397993
1317.483401,2000,21397.443304
1310.62753,2000,21418.365134
1305.99424,2000,21439.271162
1320.407378,2000,21460.3003
1321.060206,2000,21481.362751
1321.927715,2000,21502.24558
1301.574196,2000,21523.150187
1309.518193,2000,21544.159739
1316.93392,2000,21565.263404
1298.753488,2000,21586.177175
1297.770344,2000,21607.273165
1310.669159,2000,21628.38389
1304.815723,2000,21649.321293
1300.139427,2000,21670.25601
1308.638089,2000,21691.091307.81317.060732,2000,21712.03003
1309.87549,2000,21732.934804
1311.93242,2000,21753.8184
1310.255239,2000,21774.803976
1310.995492,2000,21795.812083
1304.039232,2000,21816.619511
1312.122988,2000,21837.549967
1312.832374,2000,21858.497484
1308.246112,2000,21879.386915
1317.603766,2000,21900.345102
1314.130108,2000,21921.20828
1315.662832,2000,21942.106145
1311.392462,2000,21962.9537
1319.875358,2000,21984.087727
1313.385706,2000,22004.971956
1313.606548,2000,22025.958391
1309.916018,2000,22047.204616
1306.25208,2000,22068.217051
1315.145844,2000,22089.013108
1319.828843,2000,22110.075264
1322.205319,2000,22131.150025
1327.32333,2000,22152.401594
1321.811199,2000,22163.356245
1319.948065,2000,22184.279356
1326.392512,2000,22205.109544
1326.549456,2000,22226.083296
1327.721613,2000,22247.169614
1325.051457,2000,22267.964773
1320.786934,2000,22288.934123
1323.765431,2000,22309.852318
1304.706748,2000,22330.821028
1315.12083,2000,22351.85884
1326.015519,2000,22372.824542
1324.375763,2000,22393.726891
1319.713287,2000,22414.811613
1331.521709,2000,22435.959537
1321.071291,2000,22456.837597
1322.733878,2000,22477.905209
1328.295557,2000,22499.271064
1331.366332,2000,22520.36478511333.371383,2000,22541.408654
1329.232391,2000,22562.302293
1327.124106,2000,22583.309401
1326.816446,2000,22604.233808
1327.23073,2000,22625.268753
1333.87888,2000,22646.270389
1332.924663,2000,22667.356335
1335.457564,2000,22688.45683211335.04042,2000,22709.554683
1335.750724,2000,22730.529397
1335.068408,2000,22751.529945
1337.185828,2000,22773.426487
1335.96686,2000,22794.301403
1326.180397,2000,22815.194164
1321.526219,2000,22836.39158
1313.918868,2000,22857.447343
1323.545335,2000,22878.39127
1333.19937,2000,22899.483236
1325.345694,2000,22920.640313
1327.861592,2000,22941.546052
1331.251736,2000,22962.569215
1336.770774,2000,22983.818511
1336.138466,2000,23005.134489
1335.608016,2000,23026.024333
1330.308495,2000,23047.217724
1324.424405,2000,23058.324066
1314.493023,2000,230791324.00201328.573931,2000,23100.46802
1334.268365,2000,23121.365966
1321.029263,2000,23142.398103
1331.209718,2000,23163.431653
1329.190492,2000,23184.44265
1327.609767,2000,23205.657942
1327.661972,2000,23226.869904
1328.300875,2000,23247.813824
1327.781054,2000,23268.824848
1327.54859,2000,23289.935831
1332.77144,2000,23311.005524
1326.864685,2000,23331.972798
1327.400613,2000,23352.844246
1323.288092,2000,23373.742128
1323.142638,2000,23394.72985
1311.241946,2000,23415.677182
1308.116233,2000,23436.578646
1317.302367,2000,23451303.861761323.697453,2000,23478.424198
1324.101493,2000,23499.264527
1325.943805,2000,23520.237435
1323.545538,2000,21333.038463,21326.943305,2000,23564.758873
1335.415669,2000,23585.859747
1335.678013,2000,23606.835202
1327.191322,2000,23627.912967
1319.160177,2000,23648.766448
1324.177479,2000,23669.756278
1322.311562,20001312.932876,21304.445429,2000,23711.787919
1299.025469,2000,23732.803566
1292.205148,2000,23753.956437
1278.971934,2000,23774.929384
1310.449246,2000,23795.942383
1305.46103,2000,23817.098394
1304.517875,2000,23838.817555
1303.540362,2000,23859.978787
1295.583012,2000,23881.024506
1306.358881,2000,23902.108452
1306.813127,2000,23923.067355
1306.386342,2000,23934.116153
1302.774221,2000,23955.264401
1310.311416,2000,23976.113997
1309.419836,2000,23996.957828
1308.585275,2000,24017.755319
1303.615861,2000,24038.762091
1305.407849,2000,24059.866734
1298.859941,2000,24080.867573
1284.742713,2000,24101.930018
1305.065444,2000,24122.841167
1312.974927,2000,24143.967675
1318.743781312.664416,2000,24161319.037229,2000,24185.741771
1317.104421319.094029,2000,24201323.513085,2000,24227.619483
1326.556153,2000,24248.607234
1316.74982,2000,24269.712004
1315.532902,2000,24290.55967
1312.482647,2000,24311.398127
1316.8672,2000,24332.616038
1302.713165,1317.313323,2000,241313.61103,2000,24375.092522
1313.43928,2000,24396.643268
1310.894083,2000,24417.798284
1300.620499,2000,24438.886523
1295.567831,2000,24460.069189
1300.337816,2000,24480.949169
1282.190558,2000,24502.259568
1302.408613,2000,24523.293767
1303.402718,2000,24544.195782
1311.545316,2000,24565.095191
1310.868054,2000,24586.122493
1313.594174,2000,24607.266751
1314.08693,2000,24628.181286
1316.477896,2000,24649.056224
1313.636785,2000,24669.938463
1311.892324,2000,24690.943511
1317.192212,2000,24712.366609
1322.155258,2000,24733.685346
1319.162154,2001317.22292,2000,1320.125029,2000,24776.036083
1320.318734,2000,24797.212671
1311.280618,2000,24818.244815
1316.797462,2000,24829.242529
1317.665069,2000,24850.236491
1306.35072,2000,24871.15048
1300.388402,2000,24892.269067
1299.699967,2000,24913.228419
1307.552967,2000,24934.097829
1313.843107,2000,24955.175568
1314.26039,2000,24976.206979
1313.938068,2000,24997.14905
1312.466905,2000,25018.326409
1309.248937,2000,25039.204922
1311.804747,2001304.330062,20001304.792017,2000,25081.858969
1296.090254,2000,25103.108198
1306.877599,2000,25124.320694
1305.150894,2000,25145.44747
1299.286133,2000,25166.452155
1304.874725,2000,25187.558269
1302.530024,21304.249139,2000,21303.199839,2000,25229.734555
1305.86329,2000,25250.693965
1314.509135,2000,25271.814698
1316.706141,2000,25292.729703
1314.204015,2000,25313.797059
1317.111311,2000,25334.762891
1311.529487,2000,25355.768524
1317.277867,2000,25376.644178
1314.409248,2000,25397.824289
1318.615194,2000,25418.776684
1318.590069,2000,25439.792712
1315.933781,2000,25460.772553
1317.215765,2000,25481.804766
1317.480145,2000,25502.954542
1311.180139,2000,25523.959761
1315.056288,2000,25545.110245
1313.375049,2000,25566.084983
1308.786325,2000,25586.977583
1314.465662,2000,25608.073239
1317.173974,2000,25629.192656
1307.837623,2000,25650.216893
1310.454557,2000,25671.189545
1311.175018,2000,25692.190647
1313.881979,2000,25713.266397
1296.761249,2000,25724.244855
1300.99513,2000,25745.435607
1288.307742,2000,25766.596677
1287.8262,2000,25787.607887
1302.997159,2000,25809.798014
1300.015204,2000,25830.960595
1311.852594,2000,25851.916314
1301.620139,2000,25873.046899
1297.958718,2000,25893.987783
1308.504834,2000,25914.957792
1302.920642,2000,25935.886845
1302.701926,2000,25957.02012211298.11297.568801,2000,25978.181306.305877,2000,25998.97922811297.572344,2000,26020.118108
1300.932146,2000,26041.218701
1292.851987,2000,26062.184142
1302.49085,2000,26083.114056
1305.826604,2000,26104.270766
1308.352153,2000,26125.480931
1310.140867,2000,26146.341496
1307.945454,2000,26167.520646
130811309.91303.823266,2000,26167.82316
128
7
000,26167.647231
67.701783
